"SIDE BOARD - GB PE, DGB PE",BYR26
KEY BED - GB PE,HDE52
"FRONT BEAM - GB PE, DGB PE",IAH25
"LEG BLOCK LONG - GB PE, DGB PE",GTY92
"LEG BLOCK SHORT - GB PE, GN2 PE, DGB PE",HFR93
"KEY BLOCK R/L - GB PE, GN2 PE, DGB PE",MHB59
"KEY SLIP - GB PE, GN2 PE, DGB PE",VGB94
"TOP STICK LONG - GB PE, GN2 PE, DGB PE",WPE85
"TOP STICK SHORT - GB PE, GN2 PE, DGB PE",UDW57
"LEG POST - GB PE, GN2 PE, DGB PE",GJK63
"LEG GIRDER - GB PE, DGB PE",KZF17
"PEDAL BOX - GB PE, GN2 PE, DGB PE",UBG29
"PEDAL POST - GB PE, GN2 PE",ITH32
"MUSIC DESK - GB PE, GN2 PE, DGB PE",HUU30
"MUSIC SHELF R/L - GB PE, DGB PE",SLA86
"MUSIC FRONT RAIL - GB PE, GN2 PE, DGB PE",JEH29
SIDE BOARD - GB GN2 PE,IMZ62
KEY BED - GB GN2 PE,FAO28
FRONT BEAM - GB GN2 PE,PSL92
LEG BLOCK LONG - GB GN2 PE,RIK59
MUSIC SELF GUIDE RAIL R/L - GB GN2 PE,RDD13
LEG GIRDER - GB GN2 PE,YTH24
UPPER BEAM GN2 - GB GN2 PE,DSG44
MUSIC SHELF R/L - GB GN2 PE,TXY53
KEY BED - DGB PE,BLQ95
LEG GIRDER DGB - DGB PE,HFY82
PEDAL POST DGB - DGB PE,MSP77
"SIDE BOARD - GB PWH, DGB PWH",GJC58
KEY BED - GB PWH,SXN12
"FRONT BEAM - GB PWH, DGB PWH",WEI99
"LEG BLOCK LONG - GB PWH, DGB PWH",EYL22
"LEG BLOCK SHORT - GB PWH, GN2 PWH, DGB PWH",KED17
"KEY BLOCK R/L - GB PWH, GN2 PWH, DGB PWH",TKN96
"KEY SLIP - GB PWH, GN2 PWH, DGB PWH",CPN91
"TOP STICK LONG - GB PWH, GN2 PWH, DGB PWH",UNI43
"TOP STICK SHORT - GB PWH, GN2 PWH, DGB PWH",XRU54
"LEG POST - GB PWH, GN2 PWH, DGB PWH",HUV42
"LEG GIRDER - GB PWH, DGB PWH",QBN98
"LID PROF CUP - GB PWH, GN2 PWH, DGB PWH",YQL42
"PEDAL BOX - GB PWH, GN2 PWH, DGB PWH",MRH31
"PEDAL POST - GB PWH, GN2 PWH",GLO45
"MUSIC SUPPORT - GB PWH, GN2 PWH, DGB PWH",WBK34
"MUSIC DESK - GB PWH, GN2 PWH, DGB PWH",PGO84
"MUSIC SHELF R/L - GB PWH, DGB PWH",PDA45
"MUSIC FRONT RAIL - GB PWH, GN2 PWH, DGB PWH",TJD62
SIDE BOARD - GB GN2 PWH,EQX77
KEY BED - GB GN2 PWH,TXQ98
FRONT BEAM - GB GN2 PWH,HUW84
LEG BLOCK LONG - GB GN2 PWH,TAG65
MUSIC SELF GUIDE RAIL R/L - GB GN2 PWH,VMT49
LEG GIRDER - GB GN2 PWH,TJB30
UPPER BEAM GN2 - GB GN2 PWH,PCH55
MUSIC SHELF R/L - GB GN2 PWH,AAH90
KEY BED - DGB PWH,XEM65
LEG GIRDER DGB - DGB PWH,HRV75
PEDAL POST DGB - DGB PWH,TOO97
"SIDE BOARD - GB PM, DGB PM",GLM35
KEY BED - GB PM,HTK34
"FRONT BEAM - GB PM, DGB PM",IOZ78
"LEG BLOCK LONG - GB PM, DGB PM",MHZ28
"LEG BLOCK SHORT - GB PM, DGB PM",WVE70
"KEY BLOCK R/L - GB PM, DGB PM",BUI15
"KEY SLIP - GB PM, DGB PM",ZXF19
"TOP STICK LONG - GB PM, DGB PM",ATT45
"TOP STICK SHORT - GB PM, DGB PM",DDX62
"LEG POST - GB PM, DGB PM",TDT88
"LEG GIRDER - GB PM, DGB PM",QAQ95
"LID PROF CUP - GB PM, DGB PM",KEJ25
"PEDAL BOX - GB PM, DGB PM",LAP58
PEDAL POST - GB PM,VTF93
"MUSIC SUPPORT - GB PM, DGB PM",DEL78
"MUSIC DESK - GB PM, DGB PM",HJP51
"MUSIC SHELF R/L - GB PM, DGB PM",ENE67
"MUSIC FRONT RAIL - GB PM, DGB PM",FLD28
KEY BED - DGB PM,QXH53
LEG GIRDER DGB - DGB PM,FND71
PEDAL POST DGB - DGB PM,HII24
"SIDE BOARD - GB PAW, DGB PAW",REL72
KEY BED - GB PAW,IAV84
"FRONT BEAM - GB PAW, DGB PAW",NBI79
"LEG BLOCK LONG - GB PAW, DGB PAW",JAI63
"LEG BLOCK SHORT - GB PAW, DGB PAW",GOS35
"KEY BLOCK R/L - GB PAW, DGB PAW",MZD90
"KEY SLIP - GB PAW, DGB PAW",LYP44
"TOP STICK LONG - GB PAW, DGB PAW",DSJ79
"TOP STICK SHORT - GB PAW, DGB PAW",ASK91
"LEG POST - GB PAW, DGB PAW",FXQ40
"LEG GIRDER - GB PAW, DGB PAW",NFR92
"LID PROF CUP - GB PAW, DGB PAW",DLX40
"PEDAL BOX - GB PAW, DGB PAW",WGX34
PEDAL POST - GB PAW,KPL22
"MUSIC SUPPORT - GB PAW, DGB PAW",AWD13
"MUSIC DESK - GB PAW, DGB PAW",QUI71
"MUSIC SHELF R/L - GB PAW, DGB PAW",KPC22
"MUSIC FRONT RAIL - GB PAW, DGB PAW",DSL85
KEY BED - DGB PAW,LDF59
LEG GIRDER DGB - DGB PAW,IPC23
PEDAL POST DGB - DGB PAW,NZE84
SIDE BOARD - GB FP,PHJ39
KEY BED - GB FP,SPZ33
FRONT BEAM - GB FP,OBP60
LEG BLOCK LONG - GB FP,BUT23
LEG BLOCK SHORT - GB FP,CCJ49
KEY BLOCK R/L - GB FP,VRW61
KEY SLIP - GB FP,WEC31
TOP STICK LONG - GB FP,MHU40
TOP STICK SHORT - GB FP,ZTG75
LEG POST - GB FP,OPI11
LEG GIRDER - GB FP,XWE71
LID PROF CUP - GB FP,SFJ67
PEDAL SUPPORT ( FP & G ) - GB FP,UUK42
PEDAL SUPPORT BRACKET  ( FP & G ) - GB FP,YLR67
PEDAL BOX - GB FP,NHP44
PEDAL POST - GB FP,IRV78
BENCH ASSY ( FP & G ) - GB FP,RPK83
MUSIC SUPPORT - GB FP,USV94
MUSIC DESK - GB FP,AUZ42
MUSIC SHELF R/L - GB FP,JSR92
MUSIC FRONT RAIL - GB FP,PXH58
SIDE BOARD - GB G,QSW52
KEY BED - GB G,FNJ86
FRONT BEAM - GB G,RPW84
LEG BLOCK LONG - GB G,WLD98
LEG BLOCK SHORT - GB G,KSB27
KEY BLOCK R/L - GB G,CJX26
KEY SLIP - GB G,CXN60
TOP STICK LONG - GB G,OLD31
TOP STICK SHORT - GB G,SCT57
LEG POST - GB G,QHI24
LEG GIRDER - GB G,EKH11
LID PROF CUP - GB G,YJI58
PEDAL SUPPORT ( FP & G ) - GB G,HCA20
PEDAL SUPPORT BRACKET  ( FP & G ) - GB G,HZF49
PEDAL BOX - GB G,QRG56
PEDAL POST - GB G,IYV37
BENCH ASSY ( FP & G ) - GB G,PWI82
MUSIC SUPPORT - GB G,TVI34
MUSIC DESK - GB G,LJR61
MUSIC SHELF R/L - GB G,QQQ48
MUSIC FRONT RAIL - GB G,EZE58
