"SIDE BOARD - GB PE, DGB PE",HWP87
KEY BED - GB PE,GMD76
"FRONT BEAM - GB PE, DGB PE",FKG83
"LEG BLOCK LONG - GB PE, DGB PE",XER91
"LEG BLOCK SHORT - GB PE, GN2 PE, DGB PE",HSZ37
"KEY BLOCK R/L - GB PE, GN2 PE, DGB PE",UGX26
"KEY SLIP - GB PE, GN2 PE, DGB PE",HUX18
"TOP STICK LONG - GB PE, GN2 PE, DGB PE",LGR39
"TOP STICK SHORT - GB PE, GN2 PE, DGB PE",ERU30
"LEG POST - GB PE, GN2 PE, DGB PE",HCD39
"LEG GIRDER - GB PE, DGB PE",WNX71
"PEDAL BOX - GB PE, GN2 PE, DGB PE",AWE52
"PEDAL POST - GB PE, GN2 PE",KDD18
"MUSIC DESK - GB PE, GN2 PE, DGB PE",JEN23
"MUSIC SHELF R/L - GB PE, DGB PE",TZE27
"MUSIC FRONT RAIL - GB PE, GN2 PE, DGB PE",MGQ13
SIDE BOARD - GB GN2 PE,IDE63
KEY BED - GB GN2 PE,WWY56
FRONT BEAM - GB GN2 PE,BYS55
LEG BLOCK LONG - GB GN2 PE,LVN64
"PEDAL ROD GUIDE - GB PE, GN2 PE, DGB PE",PSM23
"PEDAL BOTTOM - GB PE, GN2 PE",TVU76
"FALL BOARD - GB PE, GN2 PE, DGB PE",JJG79
"TOP BOARD FRONT - GB PE, DGB PE",RDU27
"TOP BOARD REAR - GB PE, DGB PE",OLI22
"PEDAL BLOCK - GB PE, GN2 PE, DGB PE",IPU76
MUSIC SELF GUIDE RAIL R/L - GB GN2 PE,ZFL39
LEG GIRDER - GB GN2 PE,NNR51
UPPER BEAM GN2 - GB GN2 PE,YWQ28
MUSIC SHELF R/L - GB GN2 PE,SGQ74
KEY BED - DGB PE,KFO78
TOP BOARD FRONT - GN GN2 PE,TRZ76
TOP BOARD REAR - GN GN2 PE,YJQ24
LEG GIRDER DGB - DGB PE,WCF58
PEDAL POST DGB - DGB PE,FAU40
"SIDE BOARD - GB PWH, DGB PWH",YTH18
KEY BED - DGB PWH,YUM18
"FRONT BEAM - GB PWH, DGB PWH",LVG64
"LEG BLOCK LONG - GB PWH, DGB PWH",GFK76
"LEG BLOCK SHORT - GB PWH, GN2 PWH, DGB PWH",IRY90
"KEY BLOCK R/L - GB PWH, GN2 PWH, DGB PWH",LRR98
"KEY SLIP - GB PWH, GN2 PWH, DGB PWH",HXT89
"TOP STICK LONG - GB PWH, GN2 PWH, DGB PWH",ENT27
"TOP STICK SHORT - GB PWH, GN2 PWH, DGB PWH",MOV27
"LEG POST - GB PWH, GN2 PWH, DGB PWH",NNY14
"LEG GIRDER - GB PWH, DGB PWH",CKN38
LEG GIRDER DGB - DGB PWH,SQF43
"LID PROF CUP - GB PWH, GN2 PWH, DGB PWH",EGO76
"PEDAL BOX - GB PWH, GN2 PWH, DGB PWH",KER55
PEDAL POST DGB - DGB PWH,CUC70
"MUSIC SUPPORT - GB PWH, GN2 PWH, DGB PWH",PRW94
"MUSIC DESK - GB PWH, GN2 PWH, DGB PWH",FNF18
"MUSIC SHELF R/L - GB PWH, DGB PWH",PDC39
"MUSIC FRONT RAIL - GB PWH, GN2 PWH, DGB PWH",LIP46
"PEDAL ROD GUIDE - GB PWH, GN2 PWH, DGB PWH",EIS48
PEDAL BOTTOM - DGB PWH,BYR53
"PEDAL BLOCK - GB PWH, GN2 PWH, DGB PWH",AHF39
"FALL BOARD - GB PWH, GN2 PWH, DGB PWH",ZTZ69
"TOP BOARD FRONT - GB PWH, DGB PWH",CGN64
"TOP BOARD REAR  - GB PWH, DGB PWH",LYL49
SIDE BOARD - GB GN2 PWH,KTU46
KEY BED - GB GN2 PWH,VDE15
FRONT BEAM - GB GN2 PWH,DZV17
LEG BLOCK LONG - GB GN2 PWH,WND67
MUSIC SELF GUIDE RAIL R/L - GB GN2 PWH,AFI14
LEG GIRDER - GB GN2 PWH,ZLK64
"PEDAL POST - GB PWH, GN2 PWH",YQE89
UPPER BEAM GN2 - GB GN2 PWH,VVJ66
MUSIC SHELF R/L - GB GN2 PWH,WZF34
"PEDAL BOTTOM - GB PWH, GN2 PWH",VSQ71
TOP BOARD FRONT - GB GN2 PWH,LOH30
TOP BOARD REAR  - GB GN2 PWH,XBI71
KEY BED - GB PWH,ELM56
"SIDE BOARD - GB PM, DGB PM",VRK93
KEY BED - GB PM,RZW59
"FRONT BEAM - GB PM, DGB PM",XBP15
"LEG BLOCK LONG - GB PM, DGB PM",CUM45
"LEG BLOCK SHORT - GB PM, DGB PM",GEE62
"KEY BLOCK R/L - GB PM, DGB PM",PPW29
"KEY SLIP - GB PM, DGB PM",FXP86
"TOP STICK LONG - GB PM, DGB PM",ZQF61
"TOP STICK SHORT - GB PM, DGB PM",GZA90
"LEG POST - GB PM, DGB PM",MYZ63
"LEG GIRDER - GB PM, DGB PM",AOU56
"LID PROF CUP - GB PM, DGB PM",XII16
"PEDAL BOX - GB PM, DGB PM",JQN45
PEDAL POST - GB PM,NVN17
"MUSIC SUPPORT - GB PM, DGB PM",AJQ50
"MUSIC DESK - GB PM, DGB PM",NGO42
"MUSIC SHELF R/L - GB PM, DGB PM",HHF50
"MUSIC FRONT RAIL - GB PM, DGB PM",FXE35
KEY BED - DGB PM,OCU62
"PEDAL ROD GUIDE - GB PM, DGB PM",KAV99
PEDAL BOTTOM - GB PM,VFO18
"PEDAL BLOCK - GB PM, DGB PM",ZFS13
"FALL BOARD - GB PM, DGB PM",QRU45
"TOP BOARD FRONT - GB PM, DGB PM",XFM73
"TOP BOARD REAR - GB PM, DGB PM",IIN18
LEG GIRDER DGB - DGB PM,JHW63
PEDAL POST DGB - DGB PM,BIY14
"SIDE BOARD - GB PAW, DGB PAW",LVP32
KEY BED - GB PAW,DCA77
"FRONT BEAM - GB PAW, DGB PAW",RML63
"LEG BLOCK LONG - GB PAW, DGB PAW",KYA57
"LEG BLOCK SHORT - GB PAW, DGB PAW",QRS47
"KEY BLOCK R/L - GB PAW, DGB PAW",WBA43
"KEY SLIP - GB PAW, DGB PAW",BVO79
"TOP STICK LONG - GB PAW, DGB PAW",LCS98
"TOP STICK SHORT - GB PAW, DGB PAW",QHR67
"LEG POST - GB PAW, DGB PAW",MRL97
"LEG GIRDER - GB PAW, DGB PAW",KMW76
"LID PROF CUP - GB PAW, DGB PAW",GAA22
"PEDAL BOX - GB PAW, DGB PAW",MID86
PEDAL POST - GB PAW,LEN53
"MUSIC SUPPORT - GB PAW, DGB PAW",YRX68
"MUSIC DESK - GB PAW, DGB PAW",SDU56
"MUSIC SHELF R/L - GB PAW, DGB PAW",XSF72
"MUSIC FRONT RAIL - GB PAW, DGB PAW",KXY75
KEY BED - DGB PAW,FQZ59
"PEDAL ROD GUIDE - GB PAW, DGB PAW",YPJ48
"PEDAL BLOCK - GB PAW, DGB PAW",RBP28
"FALL BOARD - GB PAW, DGB PAW",JZC80
"TOP BOARD FRONT - GB PAW, DGB PAW",OZD19
"TOP BOARD REAR - GB PAW, DGB PAW",KOR27
LEG GIRDER DGB - DGB PAW,AIZ50
PEDAL POST DGB - DGB PAW,OFZ55
SIDE BOARD - GB FP,ZXR63
KEY BED - GB FP,QVA96
FRONT BEAM - GB FP,VPH45
LEG BLOCK LONG - GB FP,OYE31
LEG BLOCK SHORT - GB FP,SQP74
KEY BLOCK R/L - GB FP,VRI97
KEY SLIP - GB FP,MEK29
TOP STICK LONG - GB FP,SEI30
TOP STICK SHORT - GB FP,IFP62
LEG POST - GB FP,OHT30
LEG GIRDER - GB FP,MIE72
LID PROF CUP - GB FP,VFG10
PEDAL SUPPORT ( FP & G ) - GB FP,UEP11
PEDAL SUPPORT BRACKET  ( FP & G ) - GB FP,ENC91
PEDAL BOX - GB FP,KHQ33
PEDAL POST - GB FP,BQQ64
BENCH ASSY ( FP & G ) - GB FP,VNA34
MUSIC SUPPORT - GB FP,ZZT10
MUSIC DESK - GB FP,GMI67
MUSIC SHELF R/L - GB FP,IQW26
MUSIC FRONT RAIL - GB FP,SLC43
SIDE BOARD - GB G,XLD96
KEY BED - GB G,VXQ31
FRONT BEAM - GB G,VZS57
LEG BLOCK LONG - GB G,LPN32
LEG BLOCK SHORT - GB G,LMH86
KEY BLOCK R/L - GB G,RCY78
KEY SLIP - GB G,QGN94
PEDAL ROD GUIDE - GB FP,QBE57
PEDAL BOTTOM - GB FP,HGC57
PEDAL BLOCK - GB FP,LFE89
FALL BOARD - GB FP,FCP20
TOP BOARD FRONT - GB FP,BDK38
TOP BOARD REAR - GB FP,IOP71
TOP STICK LONG - GB G,KSH58
TOP STICK SHORT - GB G,FZS65
LEG POST - GB G,VUQ67
LEG GIRDER - GB G,TXK34
LID PROF CUP - GB G,PRV94
PEDAL SUPPORT ( FP & G ) - GB G,YUW70
PEDAL SUPPORT BRACKET  ( FP & G ) - GB G,JWD82
PEDAL BOX - GB G,ZCQ74
PEDAL POST - GB G,WVW54
BENCH ASSY ( FP & G ) - GB G,AAV66
MUSIC SUPPORT - GB G,FTE71
MUSIC DESK - GB G,PPO75
MUSIC SHELF R/L - GB G,SHG22
MUSIC FRONT RAIL - GB G,MSH63
PEDAL BOTTOM - DGB PE,ZSQ62
PEDAL BOTTOM - DGB PM,NDV80
PEDAL BOTTOM - DGB PAW,XQU59
PEDAL ROD GUIDE - GB G,HZY76
PEDAL BOTTOM - GB G,KNK30
PEDAL BLOCK - GB G,ELQ33
FALL BOARD - GB G,SOF47
TOP BOARD FRONT - GB G,MDB93
TOP BOARD REAR - GB G,VEL65
